Nombre de Comunidad;Código de Provincia;Nombre de Provincia;Población;Número de mesas;Censo electoral sin CERA;Censo CERA;Total censo electoral;Solicitudes voto CERA aceptadas;Total votantes CER;Total votantes CERA;Total votantes;Votos válidos;Votos a candidaturas;Votos en blanco;Votos nulos;Votos;Diputados;Votos;Diputados;Votos;Diputados;Votos;Diputados;Votos;Diputados;Votos;Diputados;Votos;Diputados;Votos;Diputados;Votos;Diputados;Votos;Diputados;Votos;Diputados;Votos;Diputados;Votos;Diputados;Votos;Diputados;Votos;Diputados;Votos;Diputados;Votos;Diputados;Votos;Diputados;Votos;Diputados;Votos;Diputados;Votos;Diputados;Votos;Diputados;Votos;Diputados;Votos;Diputados;Votos;Diputados;Votos;Diputados;Votos;Diputados;Votos;Diputados;Votos;Diputados;Votos;Diputados;Votos;Diputados;Votos;Diputados;Votos;Diputados;Votos;Diputados;Votos;Diputados;Votos;Diputados;Votos;Diputados;Votos;Diputados;Votos;Diputados;Votos;Diputados;Votos;Diputados;Votos;Diputados;Votos;Diputados;Votos;Diputados;Votos;Diputados;Votos;Diputados;Votos;Diputados;Votos;Diputados;Votos;Diputados;Votos;Diputados;Votos;Diputados;Votos;Diputados;Votos;Diputados;Votos;Diputados;Votos;Diputados;Votos;Diputados;Votos;Diputados;Votos;Diputados;Votos;Diputados;Votos;Diputados;Votos;Diputados;Votos;Diputados;Votos;Diputados;Votos;Diputados;Votos;Diputados;Votos;Diputados;Votos;Diputados
Andalucía                     ;4;Almería                       ;709,340;803;458,996;41,567;500,563;2,342;329,496;1,519;331,015;328,097;325,814;2,283;2,918;98,924;2;73,952;2;56,268;1;28,934;0;62,648;1;0;0;0;0;0;0;0;0;0;0;0;0;0;0;0;0;0;0;0;0;3,452;0;0;0;0;0;412;0;0;0;0;0;0;0;0;0;335;0;0;0;0;0;0;0;0;0;0;0;0;0;0;0;536;0;0;0;0;0;353;0;0;0;0;0;0;0;0;0;0;0;0;0;0;0;0;0;0;0;0;0;0;0;0;0;0;0;0;0;0;0;0;0;0;0;0;0;0;0;0;0;0;0;0;0;0;0;0;0;0;0;0;0;0;0;0;0;0;0;0;0;0;0;0;0
Andalucía                     ;11;Cádiz                         ;1,238,714;1,521;971,369;28,668;1,000,037;2,848;673,959;1,953;675,912;667,562;659,356;8,206;8,350;210,131;3;99,394;1;131,567;2;110,807;2;87,438;1;0;0;0;0;0;0;0;0;0;0;0;0;0;0;0;0;0;0;0;0;11,079;0;0;0;0;0;1,620;0;0;0;0;0;0;0;0;0;0;0;0;0;0;0;0;0;4,284;0;2,224;0;0;0;0;0;0;0;0;0;0;0;812;0;0;0;0;0;0;0;0;0;0;0;0;0;0;0;0;0;0;0;0;0;0;0;0;0;0;0;0;0;0;0;0;0;0;0;0;0;0;0;0;0;0;0;0;0;0;0;0;0;0;0;0;0;0;0;0;0;0;0;0;0;0;0;0;0
Andalucía                     ;14;Córdoba                       ;785,240;913;630,660;18,130;648,790;1,934;479,366;1,407;480,773;473,716;468,961;4,755;7,057;163,000;2;89,203;1;79,978;1;70,427;1;56,919;1;0;0;0;0;0;0;0;0;0;0;0;0;0;0;0;0;0;0;0;0;4,946;0;0;0;0;0;756;0;0;0;0;0;0;0;0;0;469;0;0;0;426;0;0;0;0;0;1,233;0;0;0;0;0;788;0;0;0;0;0;816;0;0;0;0;0;0;0;0;0;0;0;0;0;0;0;0;0;0;0;0;0;0;0;0;0;0;0;0;0;0;0;0;0;0;0;0;0;0;0;0;0;0;0;0;0;0;0;0;0;0;0;0;0;0;0;0;0;0;0;0;0;0;0;0;0
Andalucía                     ;18;Granada                       ;912,075;1,101;703,501;49,490;752,991;3,889;528,968;2,584;531,552;523,843;520,115;3,728;7,709;177,478;3;96,588;1;90,935;1;71,466;1;73,914;1;0;0;0;0;0;0;0;0;0;0;0;0;0;0;0;0;0;0;0;0;5,804;0;0;0;0;0;630;0;0;0;0;0;0;0;0;0;624;0;0;0;391;0;0;0;779;0;0;0;0;0;0;0;0;0;0;0;0;0;373;0;0;0;0;0;0;0;0;0;0;0;0;0;0;0;0;0;0;0;0;0;0;0;0;0;0;0;0;0;0;0;876;0;0;0;0;0;0;0;0;0;0;0;0;0;0;0;0;0;0;0;0;0;0;0;257;0;0;0;0;0;0;0;0;0
Andalucía                     ;21;Huelva                        ;519,932;649;390,178;7,414;397,592;744;268,523;476;268,999;264,569;261,660;2,909;4,430;97,766;2;44,909;1;44,842;1;34,396;1;33,920;0;0;0;0;0;0;0;0;0;0;0;0;0;0;0;0;0;0;0;0;0;3,182;0;0;0;0;0;646;0;0;0;0;0;0;0;0;0;0;0;0;0;0;0;0;0;856;0;871;0;0;0;0;0;0;0;0;0;0;0;272;0;0;0;0;0;0;0;0;0;0;0;0;0;0;0;0;0;0;0;0;0;0;0;0;0;0;0;0;0;0;0;0;0;0;0;0;0;0;0;0;0;0;0;0;0;0;0;0;0;0;0;0;0;0;0;0;0;0;0;0;0;0;0;0;0
Andalucía                     ;23;Jaén                          ;638,099;915;514,307;12,604;526,911;1,218;391,253;832;392,085;386,916;384,392;2,524;5,169;152,932;3;75,885;1;61,413;1;40,880;0;46,934;0;0;0;0;0;0;0;0;0;0;0;0;0;0;0;0;0;0;0;0;0;3,369;0;0;0;0;0;401;0;0;0;0;0;0;0;0;0;325;0;0;0;0;0;0;0;545;0;0;0;0;0;0;0;0;0;0;0;0;0;437;0;0;0;0;0;0;0;0;0;0;0;0;0;0;0;0;0;0;0;0;0;0;0;0;0;0;0;1,081;0;0;0;0;0;0;0;0;0;0;0;0;0;0;0;0;0;0;0;0;0;0;0;0;0;0;0;0;0;190;0;0;0;0;0;0;0
Andalucía                     ;29;Málaga                        ;1,641,121;1,660;1,138,388;53,453;1,191,841;4,691;823,234;3,240;826,474;816,868;809,580;7,288;9,606;251,908;4;144,562;2;159,316;2;118,537;2;114,199;1;0;0;0;0;0;0;0;0;0;0;0;0;0;0;0;0;0;0;0;0;15,122;0;0;0;0;0;1,769;0;0;0;0;0;0;0;0;0;1,046;0;0;0;631;0;0;0;1,655;0;0;0;0;0;0;0;0;0;0;0;0;0;835;0;0;0;0;0;0;0;0;0;0;0;0;0;0;0;0;0;0;0;0;0;0;0;0;0;0;0;0;0;0;0;0;0;0;0;0;0;0;0;0;0;0;0;0;0;0;0;0;0;0;0;0;0;0;0;0;0;0;0;0;0;0;0;0;0
Andalucía                     ;41;Sevilla                       ;1,939,887;2,564;1,509,576;34,604;1,544,180;4,404;1,135,466;3,097;1,138,563;1,122,507;1,111,116;11,391;16,056;416,543;5;162,891;2;187,243;2;179,497;2;136,949;1;0;0;0;0;0;0;0;0;0;0;0;0;0;0;0;0;0;0;0;0;15,073;0;0;0;0;0;1,592;0;0;0;3,567;0;0;0;0;0;1,527;0;0;0;830;0;0;0;3,288;0;1,317;0;0;0;0;0;0;0;0;0;0;0;799;0;0;0;0;0;0;0;0;0;0;0;0;0;0;0;0;0;0;0;0;0;0;0;0;0;0;0;0;0;0;0;0;0;0;0;0;0;0;0;0;0;0;0;0;0;0;0;0;0;0;0;0;0;0;0;0;0;0;0;0;0;0;0;0;0
Aragón                        ;22;Huesca                        ;219,345;412;165,153;7,491;172,644;965;126,008;712;126,720;125,314;124,043;1,271;1,406;41,354;1;25,149;1;24,568;1;17,151;0;13,389;0;0;0;0;0;0;0;0;0;0;0;0;0;0;0;0;0;0;0;0;0;1,013;0;0;0;0;0;284;0;0;0;0;0;0;0;0;0;170;0;0;0;0;0;0;0;0;0;0;0;216;0;0;0;474;0;0;0;0;0;0;0;0;0;0;0;0;0;0;0;0;0;0;0;0;0;0;0;0;0;0;0;0;0;0;0;0;0;0;0;0;0;0;0;148;0;127;0;0;0;0;0;0;0;0;0;0;0;0;0;0;0;0;0;0;0;0;0;0;0;0;0;0;0;0;0
Aragón                        ;44;Teruel                        ;134,572;331;102,909;4,825;107,734;405;79,151;276;79,427;78,083;77,260;823;1,344;25,629;1;18,566;1;15,357;1;8,224;0;8,336;0;0;0;0;0;0;0;0;0;0;0;0;0;0;0;0;0;0;0;0;0;452;0;0;0;0;0;113;0;0;0;0;0;0;0;0;0;74;0;0;0;0;0;0;0;0;0;0;0;96;0;0;0;272;0;0;0;0;0;0;0;0;0;0;0;0;0;0;0;0;0;0;0;0;0;0;0;0;0;0;0;0;0;0;0;0;0;0;0;0;0;0;0;66;0;0;0;0;0;0;0;0;0;0;0;0;0;0;0;0;0;0;0;0;0;0;0;0;0;0;0;47;0;28;0
Aragón                        ;50;Zaragoza                      ;954,811;1,432;714,450;23,781;738,231;3,500;557,429;2,430;559,859;554,407;549,546;4,861;5,452;173,557;3;99,527;1;115,651;1;77,555;1;70,663;1;0;0;0;0;0;0;0;0;0;0;0;0;0;0;0;0;0;0;0;0;5,469;0;0;0;0;0;1,428;0;0;0;0;0;0;0;0;0;749;0;0;0;589;0;0;0;0;0;0;0;453;0;0;0;2,626;0;0;0;0;0;0;0;0;0;0;0;0;0;0;0;0;0;0;0;0;0;0;0;0;0;0;0;0;0;0;0;0;0;0;0;0;0;0;0;621;0;658;0;0;0;0;0;0;0;0;0;0;0;0;0;0;0;0;0;0;0;0;0;0;0;0;0;0;0;0;0
Principado de Asturias        ;33;Asturias                      ;1,028,244;1,573;856,759;117,732;974,491;7,814;628,445;5,156;633,601;626,661;619,803;6,858;6,940;207,586;3;112,180;1;104,688;1;107,426;1;72,018;1;0;0;0;0;0;0;0;0;0;0;0;0;0;0;0;0;0;0;0;0;6,670;0;0;0;0;0;1,133;0;0;0;4,554;0;0;0;0;0;777;0;0;0;1,359;0;0;0;0;0;0;0;0;0;0;0;0;0;0;0;0;0;0;0;480;0;0;0;0;0;0;0;0;0;0;0;0;0;0;0;0;0;0;0;0;0;0;0;0;0;0;0;932;0;0;0;0;0;0;0;0;0;0;0;0;0;0;0;0;0;0;0;0;0;0;0;0;0;0;0;0;0;0;0;0;0;0;0
Illes Balears                 ;7;Illes Balears                 ;1,128,908;1,215;774,116;27,605;801,721;1,762;522,993;1,108;524,101;518,507;513,860;4,647;5,594;136,698;3;87,352;1;90,340;1;92,477;2;58,567;1;0;0;0;0;0;0;0;0;0;0;0;0;0;0;0;0;0;0;0;0;8,864;0;0;0;0;0;1,197;0;0;0;796;0;25,191;0;0;0;686;0;0;0;0;0;11,692;0;0;0;0;0;0;0;0;0;0;0;0;0;0;0;0;0;0;0;0;0;0;0;0;0;0;0;0;0;0;0;0;0;0;0;0;0;0;0;0;0;0;0;0;0;0;0;0;0;0;0;0;0;0;0;0;0;0;0;0;0;0;0;0;0;0;0;0;0;0;0;0;0;0;0;0;0;0;0;0;0
Canarias                      ;35;Las Palmas                    ;1,109,175;1,510;820,412;47,774;868,186;2,066;551,398;1,093;552,491;545,052;540,791;4,261;7,439;154,342;3;88,313;2;84,015;1;91,216;2;38,229;0;0;0;0;0;0;0;0;0;0;0;0;0;34,853;0;0;0;0;0;0;0;8,669;0;0;0;0;0;1,439;0;36,225;0;0;0;0;0;0;0;837;0;0;0;0;0;0;0;0;0;0;0;831;0;0;0;0;0;0;0;0;0;0;0;559;0;0;0;0;0;0;0;0;0;1,263;0;0;0;0;0;0;0;0;0;0;0;0;0;0;0;0;0;0;0;0;0;0;0;0;0;0;0;0;0;0;0;0;0;0;0;0;0;0;0;0;0;0;0;0;0;0;0;0;0;0;0;0;0
Canarias                      ;38;Santa Cruz de Tenerife        ;1,018,510;1,315;752,355;99,541;851,896;4,004;520,481;1,401;521,882;516,484;513,132;3,352;5,398;141,132;2;76,491;1;71,667;1;75,695;1;31,385;0;0;0;0;0;0;0;0;0;0;0;0;0;102,811;2;0;0;0;0;0;0;9,157;0;0;0;0;0;1,212;0;0;0;0;0;0;0;0;0;582;0;0;0;0;0;0;0;0;0;0;0;655;0;0;0;0;0;0;0;0;0;0;0;0;0;0;0;0;0;0;0;0;0;1,774;0;0;0;0;0;0;0;0;0;0;0;0;0;0;0;0;0;0;0;0;0;0;0;0;0;0;0;571;0;0;0;0;0;0;0;0;0;0;0;0;0;0;0;0;0;0;0;0;0;0;0;0;0
Cantabria                     ;39;Cantabria                     ;580,229;823;462,906;38,505;501,411;2,785;361,057;1,853;362,910;359,104;356,801;2,303;3,806;90,534;2;77,902;1;54,361;1;36,784;0;40,139;0;0;0;0;0;0;0;0;0;0;0;0;0;0;0;0;0;0;0;52,266;1;3,049;0;0;0;0;0;332;0;0;0;0;0;0;0;0;0;274;0;0;0;260;0;0;0;0;0;0;0;286;0;0;0;427;0;0;0;0;0;0;0;0;0;0;0;0;0;0;0;0;0;0;0;0;0;0;0;0;0;0;0;0;0;0;0;187;0;0;0;0;0;0;0;0;0;0;0;0;0;0;0;0;0;0;0;0;0;0;0;0;0;0;0;0;0;0;0;0;0;0;0;0;0;0;0
Castilla - La Mancha          ;2;Albacete                      ;388,786;517;302,742;7,465;310,207;876;236,737;645;237,382;234,404;232,699;1,705;2,978;75,005;2;51,817;1;43,835;1;24,855;0;33,948;0;0;0;0;0;0;0;0;0;0;0;0;0;0;0;0;0;0;0;0;0;2,205;0;0;0;0;0;324;0;0;0;0;0;0;0;0;0;304;0;0;0;182;0;0;0;0;0;0;0;224;0;0;0;0;0;0;0;0;0;0;0;0;0;0;0;0;0;0;0;0;0;0;0;0;0;0;0;0;0;0;0;0;0;0;0;0;0;0;0;0;0;0;0;0;0;0;0;0;0;0;0;0;0;0;0;0;0;0;0;0;0;0;0;0;0;0;0;0;0;0;0;0;0;0;0
Castilla - La Mancha          ;13;Ciudad Real                   ;499,100;705;390,146;6,364;396,510;866;297,577;571;298,148;293,907;291,443;2,464;4,241;100,720;2;69,559;1;50,733;1;26,952;0;40,313;1;0;0;0;0;0;0;0;0;0;0;0;0;0;0;0;0;0;0;0;0;2,360;0;0;0;0;0;529;0;0;0;0;0;0;0;0;0;0;0;0;0;0;0;0;0;0;0;0;0;0;0;0;0;0;0;0;0;0;0;0;0;0;0;0;0;0;0;0;0;0;0;0;0;0;0;0;0;0;0;0;0;0;0;0;0;0;0;0;0;0;0;0;0;0;0;0;0;0;0;0;0;0;0;0;0;0;0;0;0;0;0;0;0;277;0;0;0;0;0;0;0;0;0;0;0
Castilla - La Mancha          ;16;Cuenca                        ;197,222;383;151,930;3,084;155,014;353;120,920;207;121,127;119,530;118,515;1,015;1,597;42,654;2;31,997;1;16,467;0;9,482;0;16,755;0;0;0;0;0;0;0;0;0;0;0;0;0;0;0;0;0;0;0;0;0;776;0;0;0;0;0;135;0;0;0;0;0;0;0;0;0;109;0;0;0;84;0;0;0;0;0;0;0;0;0;0;0;0;0;0;0;0;0;0;0;0;0;0;0;0;0;0;0;0;0;0;0;0;0;0;0;0;0;0;0;0;0;0;0;56;0;0;0;0;0;0;0;0;0;0;0;0;0;0;0;0;0;0;0;0;0;0;0;0;0;0;0;0;0;0;0;0;0;0;0;0;0;0;0
Castilla - La Mancha          ;19;Guadalajara                   ;254,308;547;182,091;4,416;186,507;591;144,221;390;144,611;142,707;141,711;996;1,904;42,521;1;28,618;1;26,817;1;17,524;0;23,501;0;0;0;0;0;0;0;0;0;0;0;0;0;0;0;0;0;0;0;0;0;1,816;0;0;0;0;0;335;0;0;0;0;0;0;0;0;0;254;0;0;0;0;0;0;0;0;0;325;0;0;0;0;0;0;0;0;0;0;0;0;0;0;0;0;0;0;0;0;0;0;0;0;0;0;0;0;0;0;0;0;0;0;0;0;0;0;0;0;0;0;0;0;0;0;0;0;0;0;0;0;0;0;0;0;0;0;0;0;0;0;0;0;0;0;0;0;0;0;0;0;0;0;0;0;0
Castilla - La Mancha          ;45;Toledo                        ;687,391;929;512,908;11,418;524,326;1,332;401,943;943;402,886;396,910;394,427;2,483;5,976;123,561;2;87,134;2;69,678;1;41,934;0;66,927;1;0;0;0;0;0;0;0;0;0;0;0;0;0;0;0;0;0;0;0;0;3,931;0;0;0;0;0;703;0;0;0;0;0;0;0;0;0;559;0;0;0;0;0;0;0;0;0;0;0;0;0;0;0;0;0;0;0;0;0;0;0;0;0;0;0;0;0;0;0;0;0;0;0;0;0;0;0;0;0;0;0;0;0;0;0;0;0;0;0;0;0;0;0;0;0;0;0;0;0;0;0;0;0;0;0;0;0;0;0;0;0;0;0;0;0;0;0;0;0;0;0;0;0;0;0
Castilla y León               ;5;Ávila                         ;158,498;359;129,134;7,985;137,119;719;103,018;483;103,501;102,079;101,357;722;1,422;26,503;1;32,001;1;19,102;1;7,730;0;14,623;0;0;0;0;0;0;0;0;0;0;0;0;0;0;0;0;0;0;0;0;0;673;0;0;0;0;0;169;0;0;0;347;0;0;0;0;0;113;0;0;0;0;0;0;0;0;0;0;0;0;0;0;0;0;0;0;0;0;0;0;0;0;0;0;0;0;0;0;0;0;0;0;0;0;0;0;0;0;0;0;0;0;0;0;0;0;0;0;0;0;0;0;0;0;0;0;0;96;0;0;0;0;0;0;0;0;0;0;0;0;0;0;0;0;0;0;0;0;0;0;0;0;0;0;0
Castilla y León               ;9;Burgos                        ;357,070;796;281,627;17,710;299,337;1,632;221,458;1,122;222,580;219,553;217,278;2,275;3,027;64,287;2;53,926;1;43,533;1;27,436;0;24,382;0;0;0;0;0;0;0;0;0;0;0;0;0;0;0;0;0;0;0;0;0;1,981;0;0;0;0;0;715;0;0;0;0;0;0;0;0;0;597;0;0;0;421;0;0;0;0;0;0;0;0;0;0;0;0;0;0;0;0;0;0;0;0;0;0;0;0;0;0;0;0;0;0;0;0;0;0;0;0;0;0;0;0;0;0;0;0;0;0;0;0;0;0;0;0;0;0;0;0;0;0;0;0;0;0;0;0;0;0;0;0;0;0;0;0;0;0;0;0;0;0;0;0;0;0;0
Castilla y León               ;24;León                          ;463,746;801;386,832;46,743;433,575;3,416;293,703;2,075;295,778;291,600;288,701;2,899;4,178;95,536;2;68,530;1;50,945;1;35,103;0;33,653;0;0;0;0;0;0;0;0;0;0;0;0;0;0;0;0;0;0;0;0;0;2,338;0;0;0;0;0;299;0;0;0;0;0;0;0;0;0;419;0;0;0;402;0;0;0;0;0;0;0;0;0;0;0;0;0;0;0;0;0;0;0;0;0;0;0;0;0;0;0;0;0;0;0;0;0;0;0;0;0;1,476;0;0;0;0;0;0;0;0;0;0;0;0;0;0;0;0;0;0;0;0;0;0;0;0;0;0;0;0;0;0;0;0;0;0;0;0;0;0;0;0;0;0;0;0;0
Castilla y León               ;34;Palencia                      ;162,035;376;134,399;7,315;141,714;713;106,923;493;107,416;106,043;105,033;1,010;1,373;33,209;1;31,332;1;16,843;1;9,787;0;12,407;0;0;0;0;0;0;0;0;0;0;0;0;0;0;0;0;0;0;0;0;0;799;0;0;0;0;0;265;0;0;0;0;0;0;0;0;0;159;0;0;0;133;0;0;0;0;0;0;0;0;0;0;0;0;0;0;0;0;0;0;0;0;0;0;0;0;0;0;0;0;0;0;0;0;0;0;0;0;0;0;0;0;0;0;0;0;0;0;0;0;0;0;0;0;0;0;0;99;0;0;0;0;0;0;0;0;0;0;0;0;0;0;0;0;0;0;0;0;0;0;0;0;0;0;0
Castilla y León               ;37;Salamanca                     ;331,473;702;275,609;30,466;306,075;2,312;211,589;1,624;213,213;210,646;208,812;1,834;2,567;59,331;1;60,154;2;43,580;1;16,575;0;26,631;0;0;0;0;0;0;0;0;0;0;0;0;0;0;0;0;0;0;0;0;0;1,370;0;0;0;0;0;275;0;0;0;0;0;0;0;0;0;322;0;0;0;265;0;0;0;0;0;0;0;0;0;0;0;0;0;0;0;0;0;0;0;0;0;0;0;0;0;0;0;0;0;0;0;0;0;0;0;0;0;309;0;0;0;0;0;0;0;0;0;0;0;0;0;0;0;0;0;0;0;0;0;0;0;0;0;0;0;0;0;0;0;0;0;0;0;0;0;0;0;0;0;0;0;0;0
Castilla y León               ;40;Segovia                       ;153,342;332;116,320;3,296;119,616;419;93,665;321;93,986;92,508;91,729;779;1,478;26,088;1;24,853;1;18,460;1;8,931;0;11,468;0;0;0;0;0;0;0;0;0;0;0;0;0;0;0;0;0;0;0;0;0;611;0;0;0;0;0;183;0;0;0;276;0;0;0;0;0;127;0;0;0;89;0;0;0;0;0;184;0;0;0;0;0;0;0;0;0;0;0;0;0;0;0;0;0;0;0;0;0;0;0;0;0;0;0;0;0;0;0;0;0;0;0;0;0;0;0;0;0;0;0;0;0;0;0;0;0;0;0;0;0;0;0;0;0;0;0;459;0;0;0;0;0;0;0;0;0;0;0;0;0;0;0;0;0
Castilla y León               ;42;Soria                         ;88,600;254;70,002;6,859;76,861;444;52,708;184;52,892;52,077;51,435;642;815;16,513;1;13,887;1;8,501;0;4,481;0;4,866;0;0;0;0;0;0;0;0;0;0;0;0;0;0;0;0;0;0;0;0;0;263;0;0;0;0;0;103;0;0;0;0;0;0;0;0;0;77;0;0;0;81;0;0;0;0;0;0;0;0;0;0;0;0;0;0;0;0;0;0;0;0;0;0;0;0;0;0;0;0;0;0;0;0;0;2,663;0;0;0;0;0;0;0;0;0;0;0;0;0;0;0;0;0;0;0;0;0;0;0;0;0;0;0;0;0;0;0;0;0;0;0;0;0;0;0;0;0;0;0;0;0;0;0;0;0
Castilla y León               ;47;Valladolid                    ;519,851;829;418,906;13,657;432,563;2,104;338,779;1,507;340,286;336,554;333,753;2,801;3,732;97,244;2;78,433;1;67,775;1;39,305;0;45,965;1;0;0;0;0;0;0;0;0;0;0;0;0;0;0;0;0;0;0;0;0;2,699;0;0;0;0;0;545;0;0;0;0;0;0;0;0;0;473;0;0;0;282;0;0;0;0;0;0;0;313;0;0;0;0;0;0;0;0;0;0;0;0;0;0;0;0;0;0;0;0;0;0;0;0;0;0;0;0;0;0;0;0;0;0;0;0;0;0;0;0;0;0;0;0;0;0;0;229;0;0;0;0;0;0;0;490;0;0;0;0;0;0;0;0;0;0;0;0;0;0;0;0;0;0;0
Castilla y León               ;49;Zamora                        ;174,549;383;149,022;20,178;169,200;1,105;111,485;820;112,305;110,645;109,575;1,070;1,660;34,628;1;32,750;1;18,729;1;9,187;0;12,887;0;0;0;0;0;0;0;0;0;0;0;0;0;0;0;0;0;0;0;0;0;585;0;0;0;0;0;147;0;0;0;0;0;0;0;0;0;141;0;0;0;116;0;0;0;0;0;0;0;0;0;0;0;0;0;0;0;0;0;0;0;0;0;0;0;0;0;0;0;0;0;0;0;0;0;0;0;0;0;405;0;0;0;0;0;0;0;0;0;0;0;0;0;0;0;0;0;0;0;0;0;0;0;0;0;0;0;0;0;0;0;0;0;0;0;0;0;0;0;0;0;0;0;0;0
Cataluña                      ;8;Barcelona                     ;5,609,350;5,970;3,993,716;185,211;4,178,927;22,466;3,121,067;13,814;3,134,881;3,120,441;3,103,694;16,747;14,440;769,548;9;155,935;1;373,820;4;0;0;112,019;1;716,714;8;509,016;6;316,904;3;0;0;0;0;0;0;0;0;0;0;0;0;0;0;50,505;0;84,945;0;0;0;5,845;0;0;0;0;0;0;0;0;0;0;0;0;0;1,882;0;0;0;0;0;0;0;0;0;0;0;0;0;0;0;0;0;0;0;0;0;0;0;0;0;2,213;0;2,555;0;0;0;0;0;0;0;1,793;0;0;0;0;0;0;0;0;0;0;0;0;0;0;0;0;0;0;0;0;0;0;0;0;0;0;0;0;0;0;0;0;0;0;0;0;0;0;0;0;0;0;0;0;0;0;0
Cataluña                      ;17;Girona                        ;761,947;830;503,143;19,717;522,860;2,500;382,813;1,660;384,473;382,275;380,421;1,854;2,198;65,422;1;12,377;0;34,009;0;0;0;10,715;0;114,031;3;36,947;0;85,863;2;0;0;0;0;0;0;0;0;0;0;0;0;0;0;5,112;0;14,434;0;0;0;433;0;0;0;0;0;0;0;0;0;0;0;0;0;0;0;0;0;0;0;0;0;0;0;0;0;0;0;0;0;0;0;0;0;0;0;0;0;0;0;240;0;353;0;0;0;0;0;0;0;485;0;0;0;0;0;0;0;0;0;0;0;0;0;0;0;0;0;0;0;0;0;0;0;0;0;0;0;0;0;0;0;0;0;0;0;0;0;0;0;0;0;0;0;0;0;0;0
Cataluña                      ;25;Lleida                        ;432,866;563;297,848;16,710;314,558;1,947;225,659;1,387;227,046;225,655;224,176;1,479;1,391;37,637;1;11,153;0;19,150;0;0;0;6,005;0;75,760;2;18,723;0;46,781;1;0;0;0;0;0;0;0;0;0;0;0;0;0;0;2,089;0;6,194;0;0;0;204;0;0;0;0;0;0;0;0;0;137;0;0;0;0;0;0;0;0;0;0;0;0;0;0;0;0;0;0;0;0;0;0;0;0;0;0;0;0;0;138;0;205;0;0;0;0;0;0;0;0;0;0;0;0;0;0;0;0;0;0;0;0;0;0;0;0;0;0;0;0;0;0;0;0;0;0;0;0;0;0;0;0;0;0;0;0;0;0;0;0;0;0;0;0;0;0;0
Cataluña                      ;43;Tarragona                     ;795,902;1,010;553,623;18,177;571,800;2,388;419,144;1,628;420,772;418,192;415,990;2,202;2,580;89,650;1;21,376;0;52,395;1;0;0;20,105;0;113,887;2;50,979;1;51,239;1;0;0;0;0;0;0;0;0;0;0;0;0;0;0;6,189;0;8,234;0;0;0;462;0;0;0;0;0;0;0;0;0;280;0;0;0;471;0;0;0;0;0;0;0;0;0;0;0;0;0;0;0;0;0;0;0;0;0;0;0;0;0;200;0;260;0;0;0;0;0;0;0;263;0;0;0;0;0;0;0;0;0;0;0;0;0;0;0;0;0;0;0;0;0;0;0;0;0;0;0;0;0;0;0;0;0;0;0;0;0;0;0;0;0;0;0;0;0;0;0
Extremadura                   ;6;Badajoz                       ;676,376;898;543,982;11,465;555,447;1,238;414,102;838;414,940;408,393;404,969;3,424;6,547;157,164;3;83,278;1;75,583;1;38,252;0;44,890;1;0;0;0;0;0;0;0;0;0;0;0;0;0;0;0;0;0;0;0;0;2,938;0;0;0;0;0;449;0;0;0;745;0;0;0;0;0;442;0;0;0;0;0;0;0;0;0;0;0;0;0;0;0;0;0;0;0;0;0;0;0;0;0;0;0;0;0;0;0;0;0;0;0;0;0;0;0;0;0;0;0;920;0;0;0;0;0;0;0;0;0;0;0;0;0;0;0;0;0;0;0;0;0;0;0;0;0;0;0;0;0;308;0;0;0;0;0;0;0;0;0;0;0;0;0
Extremadura                   ;10;Cáceres                       ;396,487;513;329,074;16,081;345,155;1,300;252,141;917;253,058;248,732;246,962;1,770;4,326;93,016;2;57,195;1;42,452;1;24,292;0;25,903;0;0;0;0;0;0;0;0;0;0;0;0;0;0;0;0;0;0;0;0;0;1,724;0;0;0;0;0;407;0;0;0;743;0;0;0;0;0;0;0;0;0;0;0;0;0;0;0;0;0;0;0;0;0;0;0;0;0;0;0;0;0;0;0;0;0;0;0;0;0;0;0;0;0;0;0;0;0;0;0;0;0;1,230;0;0;0;0;0;0;0;0;0;0;0;0;0;0;0;0;0;0;0;0;0;0;0;0;0;0;0;0;0;0;0;0;0;0;0;0;0;0;0;0;0;0;0
Galicia                       ;15;A Coruña                      ;1,119,351;1,538;929,180;158,676;1,087,856;8,204;682,612;3,797;686,409;677,342;669,441;7,901;9,067;212,665;3;172,799;3;81,677;1;0;0;38,187;0;0;0;0;0;0;0;0;0;0;0;100,019;1;0;0;0;0;0;0;0;0;7,176;0;0;0;45,095;0;1,331;0;0;0;0;0;0;0;0;0;0;0;6,806;0;600;0;0;0;0;0;1,814;0;0;0;0;0;0;0;0;0;0;0;0;0;0;0;0;0;0;0;0;0;0;0;0;0;1,272;0;0;0;0;0;0;0;0;0;0;0;0;0;0;0;0;0;0;0;0;0;0;0;0;0;0;0;0;0;0;0;0;0;0;0;0;0;0;0;0;0;0;0;0;0;0;0;0;0;0;0
Galicia                       ;27;Lugo                          ;331,327;541;278,286;66,752;345,038;2,758;202,184;1,567;203,751;199,998;197,678;2,320;3,753;66,441;2;67,191;2;17,812;0;0;0;11,450;0;0;0;0;0;0;0;0;0;0;0;20,282;0;0;0;0;0;0;0;0;0;1,602;0;0;0;9,658;0;306;0;0;0;0;0;0;0;0;0;0;0;2,168;0;304;0;0;0;0;0;0;0;0;0;0;0;0;0;0;0;0;0;0;0;0;0;0;0;0;0;0;0;0;0;0;0;391;0;0;0;0;0;0;0;0;0;0;0;0;0;0;0;0;0;0;0;0;0;0;0;0;0;0;0;0;0;0;0;0;0;0;0;0;0;0;0;0;0;0;0;0;0;73;0;0;0;0;0
Galicia                       ;32;Ourense                       ;309,293;542;260,513;100,675;361,188;4,349;192,353;2,560;194,913;192,523;190,719;1,804;2,390;63,304;2;67,020;2;20,689;0;0;0;9,984;0;0;0;0;0;0;0;0;0;0;0;17,213;0;0;0;0;0;0;0;0;0;1,576;0;0;0;7,548;0;202;0;0;0;0;0;0;0;0;0;213;0;2,220;0;143;0;0;0;0;0;0;0;0;0;0;0;0;0;0;0;0;0;0;0;0;0;0;0;0;0;0;0;0;0;0;0;272;0;0;0;0;0;0;0;0;0;0;0;0;0;0;0;0;0;0;0;0;0;0;0;0;0;0;0;0;0;0;0;0;0;0;0;335;0;0;0;0;0;0;0;0;0;0;0;0;0;0;0
Galicia                       ;36;Pontevedra                    ;941,772;1,335;772,636;132,405;905,041;6,917;580,342;4,454;584,796;576,187;570,930;5,257;8,609;185,785;3;144,290;2;63,867;1;0;0;27,426;0;0;0;0;0;0;0;0;0;0;0;100,547;1;0;0;0;0;0;0;0;0;6,859;0;0;0;32,132;0;1,007;0;0;0;0;0;0;0;0;0;0;0;6,705;0;601;0;0;0;0;0;0;0;0;0;0;0;886;0;0;0;0;0;0;0;0;0;0;0;0;0;0;0;0;0;0;0;825;0;0;0;0;0;0;0;0;0;0;0;0;0;0;0;0;0;0;0;0;0;0;0;0;0;0;0;0;0;0;0;0;0;0;0;0;0;0;0;0;0;0;0;0;0;0;0;0;0;0;0
Comunidad de Madrid           ;28;Madrid                        ;6,578,079;7,590;4,748,700;306,255;5,054,955;39,241;3,787,554;26,805;3,814,359;3,782,247;3,757,616;24,631;32,112;1,031,534;11;705,119;7;792,203;8;613,911;6;524,176;5;0;0;0;0;0;0;0;0;0;0;0;0;0;0;0;0;0;0;0;0;50,909;0;0;0;0;0;7,512;0;0;0;19,208;0;0;0;0;0;5,221;0;0;0;2,329;0;0;0;0;0;0;0;2,038;0;0;0;0;0;0;0;0;0;0;0;3,456;0;0;0;0;0;0;0;0;0;0;0;0;0;0;0;0;0;0;0;0;0;0;0;0;0;0;0;0;0;0;0;0;0;0;0;0;0;0;0;0;0;0;0;0;0;0;0;0;0;0;0;0;0;0;0;0;0;0;0;0;0;0;0
Comunidad Foral de Navarra    ;31;Navarra                       ;647,554;976;483,721;27,364;511,085;2,220;369,163;1,543;370,706;366,998;363,231;3,767;3,708;94,551;2;0;0;0;0;68,393;1;17,771;0;0;0;0;0;0;0;0;0;46,765;0;0;0;0;0;107,619;2;0;0;0;0;3,325;0;0;0;0;0;1,295;0;0;0;0;0;0;0;22,309;0;1,203;0;0;0;0;0;0;0;0;0;0;0;0;0;0;0;0;0;0;0;0;0;0;0;0;0;0;0;0;0;0;0;0;0;0;0;0;0;0;0;0;0;0;0;0;0;0;0;0;0;0;0;0;0;0;0;0;0;0;0;0;0;0;0;0;0;0;0;0;0;0;0;0;0;0;0;0;0;0;0;0;0;0;0;0;0;0;0
País Vasco                    ;1;Araba / Álava                 ;328,868;425;250,904;6,893;257,797;815;178,614;572;179,186;177,366;176,291;1,075;1,820;39,722;1;24,385;0;7,082;0;31,469;1;5,608;0;0;0;0;0;0;0;40,300;1;24,747;1;0;0;0;0;0;0;0;0;0;0;1,869;0;0;0;0;0;536;0;0;0;0;0;0;0;0;0;338;0;0;0;235;0;0;0;0;0;0;0;0;0;0;0;0;0;0;0;0;0;0;0;0;0;0;0;0;0;0;0;0;0;0;0;0;0;0;0;0;0;0;0;0;0;0;0;0;0;0;0;0;0;0;0;0;0;0;0;0;0;0;0;0;0;0;0;0;0;0;0;0;0;0;0;0;0;0;0;0;0;0;0;0;0;0;0
País Vasco                    ;20;Gipuzkoa                      ;720,592;846;556,207;27,538;583,745;3,569;411,953;2,647;414,600;412,126;409,704;2,422;2,474;77,720;1;20,797;0;11,892;0;71,296;1;6,783;0;0;0;0;0;0;0;119,668;2;96,364;2;0;0;0;0;0;0;0;0;0;0;3,171;0;0;0;0;0;593;0;0;0;0;0;0;0;0;0;429;0;0;0;313;0;0;0;0;0;0;0;0;0;0;0;678;0;0;0;0;0;0;0;0;0;0;0;0;0;0;0;0;0;0;0;0;0;0;0;0;0;0;0;0;0;0;0;0;0;0;0;0;0;0;0;0;0;0;0;0;0;0;0;0;0;0;0;0;0;0;0;0;0;0;0;0;0;0;0;0;0;0;0;0;0;0;0
País Vasco                    ;48;Bizkaia                       ;1,149,628;1,396;909,882;39,560;949,442;3,658;689,423;2,279;691,702;686,960;682,403;4,557;4,742;136,547;2;49,859;0;21,392;0;121,740;2;15,839;0;0;0;0;0;0;0;235,916;3;91,771;1;0;0;0;0;0;0;0;0;0;0;6,187;0;0;0;0;0;1,177;0;0;0;0;0;0;0;0;0;844;0;0;0;603;0;0;0;0;0;0;0;0;0;0;0;0;0;0;0;0;0;0;0;0;0;0;0;0;0;0;0;0;0;0;0;0;0;0;0;0;0;0;0;0;0;0;0;0;0;0;0;0;0;0;0;0;0;0;0;0;0;0;0;528;0;0;0;0;0;0;0;0;0;0;0;0;0;0;0;0;0;0;0;0;0;0;0
Región de Murcia              ;30;Murcia                        ;1,478,509;1,687;1,024,570;32,726;1,057,296;3,010;775,480;1,943;777,423;769,084;764,313;4,771;8,339;190,540;3;180,163;2;150,289;2;80,053;1;143,234;2;0;0;0;0;0;0;0;0;0;0;0;0;0;0;0;0;0;0;0;0;10,611;0;0;0;0;0;1,406;0;0;0;0;0;0;0;0;0;0;0;0;0;0;0;0;0;0;0;1,162;0;663;0;0;0;0;0;0;0;4,976;0;0;0;0;0;0;0;0;0;712;0;0;0;0;0;0;0;0;0;0;0;0;0;0;0;0;0;0;0;0;0;0;0;0;0;0;0;0;0;0;0;0;0;0;0;504;0;0;0;0;0;0;0;0;0;0;0;0;0;0;0;0;0;0;0;0;0
La Rioja                      ;26;La Rioja                      ;315,675;501;233,625;16,214;249,839;1,201;182,504;840;183,344;180,832;179,372;1,460;2,512;57,307;2;47,947;1;32,181;1;21,331;0;16,255;0;0;0;0;0;0;0;0;0;0;0;0;0;0;0;0;0;0;0;0;0;1,394;0;0;0;0;0;275;0;0;0;0;0;0;0;0;0;199;0;0;0;0;0;0;0;0;0;0;0;0;0;0;0;385;0;0;0;0;0;0;0;0;0;0;0;0;0;0;0;0;0;0;0;0;0;0;0;0;0;0;0;0;0;2,098;0;0;0;0;0;0;0;0;0;0;0;0;0;0;0;0;0;0;0;0;0;0;0;0;0;0;0;0;0;0;0;0;0;0;0;0;0;0;0;0;0
Comunitat Valenciana          ;3;Alicante / Alacant            ;1,838,819;2,222;1,234,714;38,214;1,272,928;3,927;924,914;2,738;927,652;917,498;911,276;6,222;10,154;259,404;4;179,056;3;177,691;2;127,615;2;115,249;1;0;0;0;0;0;0;0;0;0;0;0;0;0;0;0;0;31,030;0;0;0;12,982;0;0;0;0;0;1,527;0;0;0;0;0;0;0;0;0;0;0;0;0;0;0;0;0;0;0;0;0;1,345;0;3,183;0;0;0;0;0;0;0;0;0;0;0;0;0;1,221;0;0;0;0;0;0;0;0;0;0;0;0;0;0;0;0;0;0;0;973;0;0;0;0;0;0;0;0;0;0;0;0;0;0;0;0;0;0;0;0;0;0;0;0;0;0;0;0;0;0;0;0;0;0;0;0;0;0;0
Comunitat Valenciana          ;12;Castellón / Castelló          ;576,898;715;410,332;9,382;419,714;1,271;316,394;908;317,302;313,393;311,092;2,301;3,909;92,379;2;63,756;1;51,017;1;43,656;1;37,551;0;0;0;0;0;0;0;0;0;0;0;0;0;0;0;0;0;16,713;0;0;0;3,381;0;0;0;0;0;341;0;0;0;0;0;0;0;0;0;302;0;0;0;0;0;0;0;0;0;0;0;329;0;586;0;0;0;0;0;0;0;0;0;0;0;0;0;859;0;0;0;0;0;0;0;0;0;0;0;0;0;0;0;0;0;0;0;0;0;0;0;0;0;0;0;0;0;0;0;222;0;0;0;0;0;0;0;0;0;0;0;0;0;0;0;0;0;0;0;0;0;0;0;0;0;0;0
Comunitat Valenciana          ;46;Valencia / València           ;2,547,986;3,107;1,902,998;61,558;1,964,556;6,944;1,467,004;4,821;1,471,825;1,456,527;1,447,371;9,156;15,298;394,703;4;255,868;3;254,360;3;211,527;2;170,070;2;0;0;0;0;0;0;0;0;0;0;0;0;0;0;0;0;126,078;1;0;0;20,923;0;0;0;0;0;2,108;0;0;0;0;0;0;0;0;0;0;0;0;0;0;0;0;0;0;0;0;0;1,542;0;3,563;0;0;0;0;0;0;0;0;0;0;0;4,473;0;2,156;0;0;0;0;0;0;0;0;0;0;0;0;0;0;0;0;0;0;0;0;0;0;0;0;0;0;0;0;0;0;0;0;0;0;0;0;0;0;0;0;0;0;0;0;0;0;0;0;0;0;0;0;0;0;0;0;0;0;0
Ciudad de Ceuta               ;51;Ceuta                         ;85,144;96;59,934;2,646;62,580;180;38,342;108;38,450;37,991;37,667;324;459;13,800;1;8,147;0;4,546;0;1,838;0;9,092;0;0;0;0;0;0;0;0;0;0;0;0;0;0;0;0;0;0;0;0;0;0;0;0;0;0;0;157;0;0;0;0;0;0;0;0;0;87;0;0;0;0;0;0;0;0;0;0;0;0;0;0;0;0;0;0;0;0;0;0;0;0;0;0;0;0;0;0;0;0;0;0;0;0;0;0;0;0;0;0;0;0;0;0;0;0;0;0;0;0;0;0;0;0;0;0;0;0;0;0;0;0;0;0;0;0;0;0;0;0;0;0;0;0;0;0;0;0;0;0;0;0;0;0;0
Ciudad de Melilla             ;52;Melilla                       ;86,384;87;54,129;5,104;59,233;189;34,068;9;34,077;33,758;33,521;237;319;6,989;0;8,087;1;4,351;0;1,292;0;5,807;0;0;0;0;0;0;0;0;0;0;0;0;0;0;0;0;0;0;0;0;0;0;0;0;0;0;0;99;0;0;0;0;0;0;0;0;0;39;0;0;0;0;0;0;0;0;0;0;0;0;0;0;0;0;0;6,857;0;0;0;0;0;0;0;0;0;0;0;0;0;0;0;0;0;0;0;0;0;0;0;0;0;0;0;0;0;0;0;0;0;0;0;0;0;0;0;0;0;0;0;0;0;0;0;0;0;0;0;0;0;0;0;0;0;0;0;0;0;0;0;0;0;0;0;0;0
